RegionID;RegionDescription<class 'int'>;<class 'str'>1;Eastern                                           2;Western                                           3;Northern                                          4;Southern                                          